[
  {
    "id": "pravidla-golfu",
    "name": "Pravidla golfu",
    "description": "Základní pravidla a předpisy ve golfu",
    "icon": "BookOpen"
  },
  {
    "id": "golfove-hole",
    "name": "Golfové hole",
    "description": "Výběr a použití golfových holí",
    "icon": "Zap"
  },
  {
    "id": "technika-hry",
    "name": "Technika hry",
    "description": "Základní techniky a postupy ve golfu",
    "icon": "Target"
  },
  {
    "id": "etiketa",
    "name": "Etiketa na hřišti",
    "description": "Pravidla chování a etika na golfu",
    "icon": "Users"
  },
  {
    "id": "vystroj",
    "name": "Výstroj a vybavení",
    "description": "Golfové vybavení a oblečení",
    "icon": "Shirt"
  },
  {
    "id": "hriste",
    "name": "Golfová hřiště",
    "description": "Informace o golfových hřištích a jejich částech",
    "icon": "MapPin"
  }
]
