[
  {
    "id": "handicap",
    "title": "Co je golfový handicap a jak se počítá?",
    "content": "Golfový handicap je číselné vyjádření hráčovy schopnosti. Představuje počet úderů nad par kurzu, které hráč v průměru potřebuje k dokončení 18 jamek. Handicap se počítá z posledních 20 kol, přičemž se bere průměr z nejlepších 8 výsledků. Čím nižší handicap, tím lepší hráč. Handicap 0 znamená, že hráč hraje na úrovni par kurzu.",
    "image": "https://images.unsplash.com/photo-1587174486073-ae5e5cff23aa?w=800&h=400&fit=crop",
    "categoryId": "pravidla-golfu",
    "keywords": "handicap, výpočet, schopnost, par",
    "isFeatured": true,
    "createdAt": "2024-01-01T00:00:00.000Z"
  },
  {
    "id": "par",
    "title": "Co znamená PAR u golfové jamky?",
    "content": "PAR představuje počet úderů, který by měl zkušený hráč potřebovat k dokončení jamky za normálních podmínek. Par 3 znamená krátkou jamku (obvykle do 230m), par 4 střední jamku (230-430m) a par 5 dlouhou jamku (přes 430m). Celkový par 18jamkového kurzu je obvykle mezi 70-72 údery.",
    "image": "https://images.unsplash.com/photo-1535131749006-b7f58c99034b?w=800&h=400&fit=crop",
    "categoryId": "pravidla-golfu",
    "keywords": "par, jamka, údery, vzdálenost",
    "isFeatured": true,
    "createdAt": "2024-01-01T00:00:00.000Z"
  },
  {
    "id": "typy-holi",
    "title": "Jaké typy golfových holí existují?",
    "content": "Golfové hole se dělí do několik hlavních kategorií: Drivery (nejdelší hole pro odpaly z tee), železné hole (numbered irons 3-9 pro různé vzdálenosti), wedge (pro krátké údery a výpady z bunkerů), puttery (pro golfování na greenu). Každá hůl má specifické použití podle vzdálenosti a typu úderu.",
    "image": "https://images.unsplash.com/photo-1593111774240-d529f12cf4bb?w=800&h=400&fit=crop",
    "categoryId": "golfove-hole",
    "keywords": "hole, driver, železné, wedge, putter",
    "isFeatured": true,
    "createdAt": "2024-01-01T00:00:00.000Z"
  },
  {
    "id": "vybor-holi",
    "title": "Jak vybrat správnou hůl pro určitou vzdálenost?",
    "content": "Výběr hole závisí na vzdálenosti k jamce, podmínkách kurzu a vašich schopnostech. Driver se používá pro nejdelší odpaly (200-300m+), železné hole 3-9 pro střední vzdálenosti (100-180m), wedge pro krátké údery (do 100m) a putter pouze na greenu. Začátečníci by měli začít s hybridními holemi, které jsou více odpouštějící.",
    "image": "https://images.unsplash.com/photo-1556909114-f6e7ad7d3136?w=800&h=400&fit=crop",
    "categoryId": "golfove-hole",
    "keywords": "výběr, vzdálenost, driver, železné, wedge",
    "isFeatured": false,
    "createdAt": "2024-01-01T00:00:00.000Z"
  },
  {
    "id": "grip",
    "title": "Jak správně držet golfovou hůl?",
    "content": "Správný grip je základem úspěšného golfu. Levá ruka (pro praváky) se umístí na hůl tak, aby byly vidět 2-3 klouby. Pravá ruka se umístí pod levou, přičemž palec levé ruky se vejde do dlaně pravé. Existují tři základní typy gripu: overlap (nejběžnější), interlock a baseball grip. Pressure gripu má být jako když držíte živé ptáče - pevně, ale ne příliš.",
    "image": "https://images.unsplash.com/photo-1626947086168-9b105fc022b6?w=800&h=400&fit=crop",
    "categoryId": "technika-hry",
    "keywords": "grip, držení, ruce, technika",
    "isFeatured": false,
    "createdAt": "2024-01-01T00:00:00.000Z"
  },
  {
    "id": "stance",
    "title": "Jaký je správný postoj při úderu?",
    "content": "Správný postoj (stance) je klíčový pro přesnost a sílu úderu. Nohy by měly být na šířku ramen, váha rovnoměrně rozložená. Míček se umisťuje různě podle hole - pro driver doprostřed až k levé noze, pro krátké hole více doprostřed. Záda rovná, mírný předklon v bocích, kolena mírně pokrčená. Ruce visí přirozeně pod rameny.",
    "image": "https://images.unsplash.com/photo-1592319611550-57cb9261926a?w=800&h=400&fit=crop",
    "categoryId": "technika-hry",
    "keywords": "postoj, stance, nohy, váha, míček",
    "isFeatured": false,
    "createdAt": "2024-01-01T00:00:00.000Z"
  },
  {
    "id": "rychlost-hry",
    "title": "Jak udržovat správnou rychlost hry?",
    "content": "Rychlost hry je klíčová pro příjemný zážitek všech hráčů. Připravte se na svůj úder již během chůze k míčku. Nehledejte míček déle než 3 minuty. Nechte rychlejší skupiny předběhnout. Na tee si připravte míček už během čekání. Na greenu si označte míček a připravte se na putting. Respektujte časy startu a dostavte se včas.",
    "image": "https://images.unsplash.com/photo-1551698618-1dfe5d97d256?w=800&h=400&fit=crop",
    "categoryId": "etiketa",
    "keywords": "rychlost, tempo, příprava, respekt",
    "isFeatured": false,
    "createdAt": "2024-01-01T00:00:00.000Z"
  },
  {
    "id": "bezpecnost",
    "title": "Jaká jsou bezpečnostní pravidla na golfu?",
    "content": "Bezpečnost má vždy prioritu. Nikdy nehrát, dokud nejsou všichni hráči v bezpečné vzdálenosti. Křičet 'FORE!' pokud míček letí směrem k jiným hráčům. Při swingu si dát pozor na ostatní hráče v okolí. Neházet hole a neprojevovat agresivitu. Na driving range dodržovat směr hry. Při bouřce okamžitě opustit hřiště.",
    "image": "https://images.unsplash.com/photo-1535905557558-afc4877cdf3f?w=800&h=400&fit=crop",
    "categoryId": "etiketa",
    "keywords": "bezpečnost, fore, vzdálenost, bouřka",
    "isFeatured": false,
    "createdAt": "2024-01-01T00:00:00.000Z"
  },
  {
    "id": "zakladni-vystroj",
    "title": "Jaké základní vybavení potřebuji na golf?",
    "content": "Základní golfové vybavení zahrnuje: sadu golfových holí (driver, železné hole 5-9, wedge, putter), golfové míčky, tees, rukavici (obvykle pouze na nedominantní ruku), golfové boty s nopy, golfový bag pro přenos holí. Doporučuje se také pitch fork na opravu greenu, mírkolitro na míčky a ručník na čištění holí.",
    "image": "https://images.unsplash.com/photo-1571019613454-1cb2f99b2d8b?w=800&h=400&fit=crop",
    "categoryId": "vystroj",
    "keywords": "vybavení, hole, míčky, bag, boty",
    "isFeatured": false,
    "createdAt": "2024-01-01T00:00:00.000Z"
  },
  {
    "id": "dress-code",
    "title": "Jaký je dress code na golfových hřištích?",
    "content": "Dress code se liší podle hřiště, ale obecně platí: košile s límečkem (polo shirt), dlouhé kalhoty nebo golfové kraťasy po kolena, golfové boty. Většina hřišť zakazuje: tričko bez límečka, rifle, sportovní kraťasy, tenisky. Pro ženy: slušivé golfové oblečení, sukně/kraťasy přiměřené délky. Vždy si ověřte pravidla konkrétního hřiště předem.",
    "image": "https://images.unsplash.com/photo-1578662996442-48f60103fc96?w=800&h=400&fit=crop",
    "categoryId": "vystroj",
    "keywords": "dress code, oblečení, límeček, boty",
    "isFeatured": false,
    "createdAt": "2024-01-01T00:00:00.000Z"
  },
  {
    "id": "casti-hriste",
    "title": "Jaké jsou hlavní části golfového hřiště?",
    "content": "Golfové hřiště se skládá z několika klíčových částí: Tee box (místo pro odpal), fairway (střižený trávník mezi tee a greenem), rough (vyšší tráva po stranách fairway), hazardy (vodní překážky, bunkery), green (velmi krátce střižená plocha kolem jamky). Každá část má svá specifická pravidla a strategii hry.",
    "image": "https://images.unsplash.com/photo-1551524164-6cf2ac58e513?w=800&h=400&fit=crop",
    "categoryId": "hriste",
    "keywords": "hřiště, tee, fairway, rough, green, hazardy",
    "isFeatured": false,
    "createdAt": "2024-01-01T00:00:00.000Z"
  },
  {
    "id": "slope-rating",
    "title": "Co znamená Slope Rating a Course Rating?",
    "content": "Course Rating vyjadřuje obtížnost hřiště pro scratch golfistu (handicap 0). Slope Rating udává, jak moc se obtížnost zvyšuje pro hráče s vyšším handicapem oproti scratch golfistovi. Slope se pohybuje od 55 (nejlehčí) do 155 (nejtěžší), standard je 113. Tyto hodnoty se používají pro výpočet hraného handicapu na daném hřišti.",
    "image": "https://images.unsplash.com/photo-1586022293617-3bdb646f1b02?w=800&h=400&fit=crop",
    "categoryId": "hriste",
    "keywords": "slope rating, course rating, obtížnost, handicap",
    "isFeatured": false,
    "createdAt": "2024-01-01T00:00:00.000Z"
  }
]
